FirstName,LastName,Song,Artist
Luís,Gonçalves,Experiment In Terra,Battlestar Galactica (Classic)
Luís,Gonçalves,Take the Celestra,Battlestar Galactica (Classic)
Luís,Gonçalves,Shout It Out Loud,Kiss
Luís,Gonçalves,Calling Dr. Love,Kiss
Luís,Gonçalves,Strutter,Kiss
Luís,Gonçalves,Cold Gin,Kiss
Luís,Gonçalves,Think About You,Guns N' Roses
Luís,Gonçalves,Rocket Queen,Guns N' Roses
Luís,Gonçalves,Don't Cry (Original),Guns N' Roses
Luís,Gonçalves,Back off Bitch,Guns N' Roses
Luís,Gonçalves,Garden of Eden,Guns N' Roses
Luís,Gonçalves,Coma,Guns N' Roses
Luís,Gonçalves,All Along The Watchtower,U2
Luís,Gonçalves,"Karelia Suite, Op.11: 2. Ballade (Tempo Di Menuetto)",Berliner Philharmoniker & Hans Rosbaud
Luís,Gonçalves,Fantasia On Greensleeves,Academy of St. Martin in the Fields & Sir Neville Marriner
Luís,Gonçalves,Interlude Zumbi,Chico Science & Nação Zumbi
Luís,Gonçalves,Rios Pontes & Overdrives,Chico Science & Nação Zumbi
Luís,Gonçalves,Lixo Do Mangue,Chico Science & Nação Zumbi
Luís,Gonçalves,Podes Crer,Cidade Negra
Luís,Gonçalves,A Cor Do Sol,Cidade Negra
Luís,Gonçalves,Doutor,Cidade Negra
Luís,Gonçalves,Linha Do Equador,Cláudio Zoli
Luís,Gonçalves,TriboTchan,Various Artists
Luís,Gonçalves,Reggae Tchan,Various Artists
Luís,Gonçalves,Communication Breakdown(2),Led Zeppelin
Luís,Gonçalves,Carolina Hard-Core Ecstasy,Frank Zappa & Captain Beefheart
Luís,Gonçalves,X-9 2001,Various Artists
Luís,Gonçalves,Ipiranga 2001,Various Artists
Luís,Gonçalves,Água de Beber,Marcos Valle
Luís,Gonçalves,Vamo Batê Lata,Os Paralamas Do Sucesso
Luís,Gonçalves,Mensagen De Amor (2000),Os Paralamas Do Sucesso
Luís,Gonçalves,Saber Amar,Os Paralamas Do Sucesso
Luís,Gonçalves,Cinema Mudo,Os Paralamas Do Sucesso
Luís,Gonçalves,Meu Erro,Os Paralamas Do Sucesso
Luís,Gonçalves,Será Que Vai Chover?,Os Paralamas Do Sucesso
Luís,Gonçalves,"Mama, I'm Coming Home",Ozzy Osbourne
Luís,Gonçalves,Flying High Again,Ozzy Osbourne
Luís,Gonçalves,Paranoid,Ozzy Osbourne