{"name":"20190110_012530","executionLevel":"EXECUTION","runHost":"LM11222","runHostOs":"x86_64 Mac OS X 10.13.6","runUser":"ml093043","startTime":1547108730495,"endTime":1547132453327,"totalSteps":6,"passCount":2,"failCount":0,"warnCount":0,"executed":2,"failedFast":false,"referenceData":{"runtime args":"-script /Users/ml093043/projects/nexial/tutorials/rdbms/rdbms-04/artifact/script/rdbms-04.xlsx -scenario MultiSelect1","Data File":"rdbms-04.data.xlsx","DataSheet(s)":"#default, MultiSelect1"},"nestedExecutions":[{"name":"rdbms-04 (3)","executionLevel":"SCRIPT","scriptFile":"/Users/ml093043/projects/nexial/tutorials/rdbms/rdbms-04/artifact/script/rdbms-04.xlsx","dataFile":"/Users/ml093043/projects/nexial/tutorials/rdbms/rdbms-04/artifact/data/rdbms-04.data.xlsx","runHost":"LM11222","runHostOs":"x86_64 Mac OS X 10.13.6","runUser":"ml093043","startTime":1547108731791,"endTime":1547132453014,"totalSteps":6,"passCount":2,"failCount":0,"warnCount":0,"executed":2,"failedFast":false,"executionLog":"/Users/ml093043/projects/nexial/tutorials/rdbms/rdbms-04/output/20190110_012530/logs/nexial-20190110_012530.log","otherLogs":{"nexial-20190110_012530.log":"/Users/ml093043/projects/nexial/tutorials/rdbms/rdbms-04/output/20190110_012530/logs/nexial-20190110_012530.log"},"referenceData":{},"nestedExecutions":[{"name":"1 of 3","executionLevel":"ITERATION","scriptFile":"/Users/ml093043/projects/nexial/tutorials/rdbms/rdbms-04/artifact/script/rdbms-04.xlsx","runHost":"LM11222","runHostOs":"x86_64 Mac OS X 10.13.6","runUser":"ml093043","startTime":1547108731793,"endTime":1547132450871,"totalSteps":6,"passCount":2,"failCount":0,"warnCount":0,"executed":2,"failedFast":false,"executionLog":"/Users/ml093043/projects/nexial/tutorials/rdbms/rdbms-04/output/20190110_012530/logs/nexial-20190110_012530.log","otherLogs":{"nexial-20190110_012530.log":"/Users/ml093043/projects/nexial/tutorials/rdbms/rdbms-04/output/20190110_012530/logs/nexial-20190110_012530.log"},"referenceData":{"Data File":"rdbms-04.data.xlsx","DataSheet(s)":"#default, MultiSelect1","runtime args":"-script /Users/ml093043/projects/nexial/tutorials/rdbms/rdbms-04/artifact/script/rdbms-04.xlsx -scenario MultiSelect1"},"nestedExecutions":[{"name":"MultiSelect1","executionLevel":"SCENARIO","runHost":"LM11222","runHostOs":"x86_64 Mac OS X 10.13.6","runUser":"ml093043","startTime":1547108736428,"endTime":1547132450270,"totalSteps":6,"passCount":2,"failCount":0,"warnCount":0,"executed":2,"failedFast":false,"executionLog":"/Users/ml093043/projects/nexial/tutorials/rdbms/rdbms-04/output/20190110_012530/logs/nexial-20190110_012530.log","otherLogs":{"nexial-20190110_012530.log":"/Users/ml093043/projects/nexial/tutorials/rdbms/rdbms-04/output/20190110_012530/logs/nexial-20190110_012530.log"},"referenceData":{},"nestedExecutions":[{"name":"SELECT customer","executionLevel":"ACTIVITY","runHost":"LM11222","runHostOs":"x86_64 Mac OS X 10.13.6","runUser":"ml093043","startTime":1547108736428,"endTime":1547132450269,"totalSteps":6,"passCount":2,"failCount":0,"warnCount":0,"executed":2,"failedFast":false,"referenceData":{},"nestedExecutions":[]}]}]}]}]}