{"name":"20190110_075946","runHost":"LM11222","runHostOs":"x86_64 Mac OS X 10.13.6","runUser":"ml093043","startTime":1547132386752,"endTime":1547132410393,"totalSteps":2,"passCount":2,"failCount":0,"warnCount":0,"executed":2,"failedFast":false,"referenceData":{"runtime args":"-script /Users/ml093043/projects/nexial/tutorials/rdbms/rdbms-05/artifact/script/rdbms-05.xlsx -scenario ExpressYourself","Data File":"rdbms-05.data.xlsx","DataSheet(s)":"#default, ExpressYourself"},"nestedExecutions":[{"name":"rdbms-05 (1)","scriptFile":"/Users/ml093043/projects/nexial/tutorials/rdbms/rdbms-05/artifact/script/rdbms-05.xlsx","startTime":1547132388486,"endTime":1547132409536,"totalSteps":2,"passCount":2,"failCount":0,"warnCount":0,"executed":2,"failedFast":false,"executionLog":"/Users/ml093043/projects/nexial/tutorials/rdbms/rdbms-05/output/20190110_075946/logs/nexial-20190110_075946.log","nestedExecutions":[{"name":"1 of 1","scriptFile":"/Users/ml093043/projects/nexial/tutorials/rdbms/rdbms-05/artifact/script/rdbms-05.xlsx","startTime":1547132388489,"endTime":1547132408827,"totalSteps":2,"passCount":2,"failCount":0,"warnCount":0,"executed":2,"failedFast":false,"executionLog":"/Users/ml093043/projects/nexial/tutorials/rdbms/rdbms-05/output/20190110_075946/logs/nexial-20190110_075946.log"}]}]}