{"name":"20190110_075946","executionLevel":"EXECUTION","runHost":"LM11222","runHostOs":"x86_64 Mac OS X 10.13.6","runUser":"ml093043","startTime":1547132386752,"endTime":1547132410393,"totalSteps":2,"passCount":2,"failCount":0,"warnCount":0,"executed":2,"failedFast":false,"referenceData":{"runtime args":"-script /Users/ml093043/projects/nexial/tutorials/rdbms/rdbms-05/artifact/script/rdbms-05.xlsx -scenario ExpressYourself","Data File":"rdbms-05.data.xlsx","DataSheet(s)":"#default, ExpressYourself"},"nestedExecutions":[{"name":"rdbms-05 (1)","executionLevel":"SCRIPT","scriptFile":"/Users/ml093043/projects/nexial/tutorials/rdbms/rdbms-05/artifact/script/rdbms-05.xlsx","dataFile":"/Users/ml093043/projects/nexial/tutorials/rdbms/rdbms-05/artifact/data/rdbms-05.data.xlsx","runHost":"LM11222","runHostOs":"x86_64 Mac OS X 10.13.6","runUser":"ml093043","startTime":1547132388486,"endTime":1547132409536,"totalSteps":2,"passCount":2,"failCount":0,"warnCount":0,"executed":2,"failedFast":false,"executionLog":"/Users/ml093043/projects/nexial/tutorials/rdbms/rdbms-05/output/20190110_075946/logs/nexial-20190110_075946.log","otherLogs":{"nexial-20190110_075946.log":"/Users/ml093043/projects/nexial/tutorials/rdbms/rdbms-05/output/20190110_075946/logs/nexial-20190110_075946.log"},"referenceData":{},"nestedExecutions":[{"name":"1 of 1","executionLevel":"ITERATION","scriptFile":"/Users/ml093043/projects/nexial/tutorials/rdbms/rdbms-05/artifact/script/rdbms-05.xlsx","runHost":"LM11222","runHostOs":"x86_64 Mac OS X 10.13.6","runUser":"ml093043","startTime":1547132388489,"endTime":1547132408827,"totalSteps":2,"passCount":2,"failCount":0,"warnCount":0,"executed":2,"failedFast":false,"executionLog":"/Users/ml093043/projects/nexial/tutorials/rdbms/rdbms-05/output/20190110_075946/logs/nexial-20190110_075946.log","otherLogs":{"nexial-20190110_075946.log":"/Users/ml093043/projects/nexial/tutorials/rdbms/rdbms-05/output/20190110_075946/logs/nexial-20190110_075946.log"},"referenceData":{"Data File":"rdbms-05.data.xlsx","DataSheet(s)":"#default, ExpressYourself","runtime args":"-script /Users/ml093043/projects/nexial/tutorials/rdbms/rdbms-05/artifact/script/rdbms-05.xlsx -scenario ExpressYourself"},"nestedExecutions":[{"name":"ExpressYourself","executionLevel":"SCENARIO","runHost":"LM11222","runHostOs":"x86_64 Mac OS X 10.13.6","runUser":"ml093043","startTime":1547132393195,"endTime":1547132408694,"totalSteps":2,"passCount":2,"failCount":0,"warnCount":0,"executed":2,"failedFast":false,"executionLog":"/Users/ml093043/projects/nexial/tutorials/rdbms/rdbms-05/output/20190110_075946/logs/nexial-20190110_075946.log","otherLogs":{"nexial-20190110_075946.log":"/Users/ml093043/projects/nexial/tutorials/rdbms/rdbms-05/output/20190110_075946/logs/nexial-20190110_075946.log"},"referenceData":{},"nestedExecutions":[{"name":"SQL Expression","executionLevel":"ACTIVITY","runHost":"LM11222","runHostOs":"x86_64 Mac OS X 10.13.6","runUser":"ml093043","startTime":1547132393196,"endTime":1547132408694,"totalSteps":2,"passCount":2,"failCount":0,"warnCount":0,"executed":2,"failedFast":false,"referenceData":{},"nestedExecutions":[]}]}]}]}]}